{"app":["/app-ca32e79414ea064576d4.js"],"component---src-pages-404-js":["/component---src-pages-404-js-ea5fbc3039957ef13d1b.js"],"component---src-pages-index-js":["/component---src-pages-index-js-95d4723b018ba4606e28.js"],"component---src-pages-page-2-tsx":["/component---src-pages-page-2-tsx-668481db002c1210577d.js"],"component---src-templates-blog-post-js":["/component---src-templates-blog-post-js-be45e06370267601d92d.js"],"component---src-templates-page-js":["/component---src-templates-page-js-aa8cb48732b95c4bf73b.js"]}