{"errors":[],"warnings":[],"namedChunkGroups":{"app":{"chunks":[9,8,2],"assets":["webpack-runtime-2e3cc6a521521898bf2f.js","webpack-runtime-2e3cc6a521521898bf2f.js.map","framework-75da9754c2a76bbaf08a.js","framework-75da9754c2a76bbaf08a.js.map","app-ca32e79414ea064576d4.js","app-ca32e79414ea064576d4.js.map"],"children":{},"childAssets":{}},"component---src-pages-404-js":{"chunks":[1,0,3],"assets":["styles.fab0349f8a0312962357.css","styles-823ae8103e36ae8a7f9f.js","styles-823ae8103e36ae8a7f9f.js.map","commons-fcb78ea7cdc0cacb5489.js","commons-fcb78ea7cdc0cacb5489.js.map","component---src-pages-404-js-ea5fbc3039957ef13d1b.js","component---src-pages-404-js-ea5fbc3039957ef13d1b.js.map"],"children":{},"childAssets":{}},"component---src-pages-index-js":{"chunks":[1,0,4],"assets":["styles.fab0349f8a0312962357.css","styles-823ae8103e36ae8a7f9f.js","styles-823ae8103e36ae8a7f9f.js.map","commons-fcb78ea7cdc0cacb5489.js","commons-fcb78ea7cdc0cacb5489.js.map","component---src-pages-index-js-95d4723b018ba4606e28.js","component---src-pages-index-js-95d4723b018ba4606e28.js.map"],"children":{},"childAssets":{}},"component---src-pages-page-2-tsx":{"chunks":[1,0,5],"assets":["styles.fab0349f8a0312962357.css","styles-823ae8103e36ae8a7f9f.js","styles-823ae8103e36ae8a7f9f.js.map","commons-fcb78ea7cdc0cacb5489.js","commons-fcb78ea7cdc0cacb5489.js.map","component---src-pages-page-2-tsx-668481db002c1210577d.js","component---src-pages-page-2-tsx-668481db002c1210577d.js.map"],"children":{},"childAssets":{}},"component---src-templates-blog-post-js":{"chunks":[1,0,6],"assets":["styles.fab0349f8a0312962357.css","styles-823ae8103e36ae8a7f9f.js","styles-823ae8103e36ae8a7f9f.js.map","commons-fcb78ea7cdc0cacb5489.js","commons-fcb78ea7cdc0cacb5489.js.map","component---src-templates-blog-post-js-be45e06370267601d92d.js","component---src-templates-blog-post-js-be45e06370267601d92d.js.map"],"children":{},"childAssets":{}},"component---src-templates-page-js":{"chunks":[1,0,7],"assets":["styles.fab0349f8a0312962357.css","styles-823ae8103e36ae8a7f9f.js","styles-823ae8103e36ae8a7f9f.js.map","commons-fcb78ea7cdc0cacb5489.js","commons-fcb78ea7cdc0cacb5489.js.map","component---src-templates-page-js-aa8cb48732b95c4bf73b.js","component---src-templates-page-js-aa8cb48732b95c4bf73b.js.map"],"children":{},"childAssets":{}}},"assetsByChunkName":{"app":["webpack-runtime-2e3cc6a521521898bf2f.js","framework-75da9754c2a76bbaf08a.js","app-ca32e79414ea064576d4.js"],"component---src-pages-404-js":["styles.fab0349f8a0312962357.css","styles-823ae8103e36ae8a7f9f.js","commons-fcb78ea7cdc0cacb5489.js","component---src-pages-404-js-ea5fbc3039957ef13d1b.js"],"component---src-pages-index-js":["styles.fab0349f8a0312962357.css","styles-823ae8103e36ae8a7f9f.js","commons-fcb78ea7cdc0cacb5489.js","component---src-pages-index-js-95d4723b018ba4606e28.js"],"component---src-pages-page-2-tsx":["styles.fab0349f8a0312962357.css","styles-823ae8103e36ae8a7f9f.js","commons-fcb78ea7cdc0cacb5489.js","component---src-pages-page-2-tsx-668481db002c1210577d.js"],"component---src-templates-blog-post-js":["styles.fab0349f8a0312962357.css","styles-823ae8103e36ae8a7f9f.js","commons-fcb78ea7cdc0cacb5489.js","component---src-templates-blog-post-js-be45e06370267601d92d.js"],"component---src-templates-page-js":["styles.fab0349f8a0312962357.css","styles-823ae8103e36ae8a7f9f.js","commons-fcb78ea7cdc0cacb5489.js","component---src-templates-page-js-aa8cb48732b95c4bf73b.js"]}}